{"table": 0.32004548392159526, "sofa": 0.7437253245817763, "chair": 0.2870634079382226, "desk": 0.6562994435454931, "bed": 0.26517170569318943, "bookcase": 0.5178139116794157, "tool": 0.7216973304748535, "misc": 0.8434107884764671, "wardrobe": 0.9714705033434762}