{"sofa": 0.6358749214388909, "chair": 0.387162765301764, "desk": 0.5902294843171788, "bed": 0.575047770318375, "tool": 0.529440536288247, "bookcase": 0.35539510944171954, "wardrobe": 0.9136794006658925, "table": 0.4571090775956593}